run_date,sentiment,score,summary
2026-06-02,Slightly Bullish,11,"> **Note:** No US trading session on 2026-06-03. Figures are from the last session (2026-06-02).

## Market Overview

U.S. equities advanced modestly on June 3, with the S&P 500 extending its winning streak to nine consecutive sessions despite what analysts are calling a ""breadth paradox."" The benchmark index rose 0.13%, while the Nasdaq 100 gained 0.48% and the Dow added 0.45%. Notably, small caps outperformed with the Russell 2000 climbing 0.90%, suggesting some broadening of the rally beyond mega-cap tech.

## AI Infrastructure Rally Dominates

The session was defined by dramatic divergence within the technology sector, particularly along the AI infrastructure stack. Networking and interconnect companies surged 11.83%, while semiconductors and compute rose 5.34%. **Marvell Technology** led top gainers with a stunning 32.52% surge after Nvidia CEO Jensen Huang reportedly called it the ""next trillion-dollar company."" Other AI beneficiaries followed suit: **Hewlett Packard Enterprise** jumped 19.47% on a massive earnings beat, while **Aehr Test Systems** gained 20.70%.

Among megacap chips, the picture was mixed. Broadcom rallied 4.70%, Micron advanced 2.76%, and AMD gained 2.24%, while Apple climbed 2.90% ahead of its WWDC event. However, Microsoft tumbled 4.17% and Alphabet fell 3.81%—the latter coinciding with news of an $80 billion equity raise to fund AI infrastructure. Nvidia dipped 0.69% despite positive broker commentary, while hyperscalers and SaaS stocks broadly underperformed.

**Legend Biotech** topped all gainers with a 42.22% spike, though healthcare as a sector remained subdued.

## Energy and Cross-Asset Signals

Crude oil climbed 2.71% to $96.30, approaching the $100 threshold despite geopolitical uncertainty in the Middle East. This move comes as the Strategic Petroleum Reserve remains near 40-year lows. The 10-year Treasury yield eased 2 basis points to 4.45%, while the VIX ticked up 1.78% to 16.05—a modest rise that suggests underlying caution despite the surface-level calm.

Gold declined 0.47%, while Bitcoin slipped marginally. The dollar edged higher against the yen and held steady against the euro, reflecting stable rate expectations.

## Themes and Outlook

The action underscores a rotation within tech: hardware and infrastructure providers are capturing investor attention while software and hyperscalers face profit-taking. News of Alphabet's capital raise and Berkshire Hathaway's $10 billion investment in Google highlights the scale of AI infrastructure spending. Meanwhile, Reddit chatter warned of an impending ""rugpull,"" reflecting retail skepticism even as institutional money pours into AI plays. Goldman Sachs CEO David Solomon's comment that markets are in ""greed mode"" captures the sentiment—momentum is strong, but selectivity is rising.

## Market Tone — Today's Session

_A recap of how the market traded today — not a forecast._

**Today's Score:** +0.11  →  **Slightly Bullish**

| Component | Weight | Score |
| --- | --- | --- |
| Market data | 50% | +0.12 |
| News headlines | 35% | +0.14 |
| Reddit | 5% | +0.07 |
| Fed (rate expectations) | 10% | -0.01 |

_Equities rose with Nasdaq +0.5%, S&P 500 +0.1%, VIX +1.8%. Sector breadth: 7/11 sectors up. 10Y yield -0.5%. News headlines read slightly bullish. Reddit sentiment is neutral. Fed-policy expectations tightened (2Y Treasury +0.00%). Fresh Fed communications read neutral. Today's overall market tone: Slightly Bullish._

<sub>News scored with: finbert</sub>

**Standout headlines:**
- 🟢 Most bullish (+0.93): Tigress Financial Lifts NVIDIA (NVDA) Price Target, Keeps Strong Buy Rating
- 🔴 Most bearish (-0.94): Palo Alto Networks’ earnings show AI brings new urgency to cybersecurity, but stock still dips"
2026-06-03,Slightly Bullish,12,"> **Note:** No US trading session on 2026-06-05. Figures are from the last session (2026-06-03).

## Divergence Across Indices as Value Outperforms Tech

U.S. equities displayed notable divergence on June 5, with the Dow Jones surging 1.73% and the Russell 2000 climbing 1.45%, while the Nasdaq 100 slipped 0.53%. The S&P 500 eked out a modest 0.41% gain, reflecting a clear rotation away from growth and mega-cap technology into cyclical value and small-cap names. The VIX declined 4.35% to 15.40, signaling benign risk sentiment despite the uneven performance.

Within mega-cap tech, Alphabet stood out with a 4.14% gain, drawing attention from retail traders who touted the stock as a long-term opportunity amid recent weakness. Nvidia and Meta advanced 2.05% and 1.33%, respectively, while Micron suffered a sharp 5.32% decline despite broader Memory sector strength. The contrast highlights stock-specific earnings reactions rather than systemic sector moves. Coherent surged 5.73%, underscoring pockets of strength within the semiconductor complex.

## SpaceX IPO Dominates Headlines

SpaceX priced its highly anticipated IPO at $135 per share, targeting a $1.75 trillion valuation—the largest public offering in history. However, the S&P 500 Index Committee reaffirmed existing rules, denying the company expedited index inclusion despite its mega-cap status. The decision triggered debate across investor communities, with some questioning the logic of exclusion rules for transformational IPOs. Ark Invest asserted that Starlink alone justifies a $2 trillion valuation, though Morningstar offered a more conservative estimate below $900 billion. Goldman Sachs projected SpaceX revenue could reach $322 billion by 2030, a 100x increase.

## Sector Rotation and Earnings Reactions

Broadcom garnered positive analyst attention for its smart home ambitions, while CrowdStrike fell roughly 10% after hours despite beating estimates and announcing a 4-for-1 stock split, illustrating how high-multiple stocks face elevated expectations. Lululemon dropped 10% after cutting its annual outlook, reflecting consumer discretionary headwinds.

The AI infrastructure theme showed mixed signals: Memory stocks rallied 3.51%, but SaaS and Hyperscaler segments underperformed, declining 6.99% and 3.17%, respectively. Bitcoin slipped 0.33% amid ongoing weakness, with traders forecasting further declines and speculation emerging that institutional players may be using crypto as liquidity for private AI investments.

## Cross-Asset Signals

Treasury yields declined modestly, with the 10-year falling 1 basis point to 4.48%, while the dollar held steady against major currencies. Gold edged down 0.16%, and crude oil remained essentially flat. The muted bond and commodity moves suggest investors are focused on equity sector rotation rather than broader macro shifts. Notably, Fed Chair Warsh's first hires—including a ""Project 2025"" author—attracted attention, though immediate policy implications remain unclear.

## Market Tone — Today's Session

_A recap of how the market traded today — not a forecast._

**Today's Score:** +0.12  →  **Slightly Bullish**
**Trend (5-day EMA):** +0.16  →  **Slightly Bullish**  <sub>(smoothed — the readable day-over-day signal)</sub>

| Component | Weight | Score |
| --- | --- | --- |
| Market data | 70% | +0.17 |
| News headlines | 20% | +0.00 |
| Reddit | 0% | +0.15 |
| Fed (rate expectations) | 10% | +0.02 |

_Equities rose with Nasdaq -0.5%, S&P 500 +0.4%, VIX -4.3%. Sector breadth: 8/11 sectors up. 10Y yield -0.3%. News headlines read neutral. Fed-policy expectations held steady. Today's overall market tone: Slightly Bullish._

<sub>News scored with: finbert</sub>

**Standout headlines:**
- 🟢 Most bullish (+0.92): Robust Earnings and International Expansion Assert RLX Technology Inc. (RLX) as a Top Sin Stock to Buy
- 🔴 Most bearish (-0.96): Bitcoin set to slump to new lows for 2026 after recent sell-off, traders forecast"
2026-06-04,Neutral,6,"> **Note:** No US trading session on 2026-06-05. Figures are from the last session (2026-06-04).

## Divergence in Leadership: Old Economy Rallies, Tech Falters

U.S. equities delivered a mixed session marked by sharp sector rotation away from technology. The Dow Jones surged **1.73%** to a fresh record, while the Russell 2000 climbed **1.45%**, signaling renewed appetite for cyclicals and small-caps. In contrast, the Nasdaq 100 fell **0.53%**, dragged lower by a dramatic selloff in semiconductor stocks. The S&P 500 managed a modest **0.41%** gain, reflecting the market's bifurcated character.

## Semiconductor Sector Under Pressure

The session's most striking feature was the collapse in memory and AI infrastructure names. **Broadcom** plunged **12.59%** following its latest earnings report, sparking debate over valuation and near-term demand. **Micron** sank **7.74%**, while **AMD** lost **3.56%** and **Arm** dropped **4.47%**. The Memory sector overall tumbled **3.52%**, with 100% breadth indicating broad-based weakness. Even as **Nvidia** rose **1.82%** and **Alphabet** gained **3.82%**, the Semiconductors/Compute group fell **2.04%**, underscoring nervousness around stretched valuations in parts of the AI stack.

## Sector Rotation Favors Financials and Healthcare

Traditional sectors stole the spotlight. **Banking** surged **3.94%** with 96% positive breadth and bullish sentiment, benefiting from a stable rate environment as the 10-year Treasury yield dipped slightly to **4.48%**. **Pharma/Healthcare** climbed **3.52%**, supported by strong moves in smaller names including top gainer **Abivax** (+16.39%) and **Oscar Health** (+15.12%). **ChronoScale Corporation** led all gainers with a **22.69%** jump, while **Redwire** (+15.09%) and **Adaptive Biotechnologies** (+13.07%) rounded out the leaders.

## SpaceX IPO Dominates Headlines

Market chatter centered on **SpaceX**, which announced a **$135 IPO price** at a $1.77 trillion valuation, though the S&P 500 Index Committee confirmed it will **not** fast-track mega-cap IPO inclusions. Analysts remain divided on valuation, with estimates ranging from under $900 billion (Morningstar) to over $2 trillion (Ark Invest's Starlink-focused view). The headline sparked speculation about potential market liquidity effects and renewed interest in space and defense names like Redwire.

## Cross-Asset Signals: Calm Beneath the Surface

Despite equity volatility, broader markets remained subdued. The **VIX** rose modestly to **15.63**, gold edged down **0.27%**, and crude oil held flat. Bitcoin ticked up **0.23%**, while the dollar weakened slightly against the euro and pound. The relative calm in rates and commodities suggests rotation rather than risk-off sentiment, with investors repositioning toward value and cyclicals astech digests recent gains.

## Market Tone — Today's Session

_A recap of how the market traded today — not a forecast._

**Today's Score:** +0.06  →  **Neutral**
**Trend (5-day EMA):** +0.10  →  **Neutral**  <sub>(smoothed — the readable day-over-day signal)</sub>

| Component | Weight | Score |
| --- | --- | --- |
| Market data | 70% | +0.09 |
| News headlines | 20% | -0.03 |
| Reddit | 0% | +0.10 |
| Fed (rate expectations) | 10% | +0.02 |

_Equities rose with Nasdaq -0.5%, S&P 500 +0.4%, VIX +1.5%. Sector breadth: 8/11 sectors up. 10Y yield -0.3%. News headlines read neutral. Fed-policy expectations held steady. Today's overall market tone: Neutral._

<sub>News scored with: finbert</sub>

**Standout headlines:**
- 🟢 Most bullish (+0.91): GameStop (GME) Posts Stellar Earnings, Climbs 6%
- 🔴 Most bearish (-0.96): Nasdaq, S&P futures slip as semiconductors drag; payrolls in focus"
2026-06-05,Bearish,-49,"> **Note:** No US trading session on 2026-06-06. Figures are from the last session (2026-06-05).

## Semiconductor Rout Drives Broad Selloff

U.S. equities suffered a sharp decline on June 6, with the tech-heavy Nasdaq 100 plunging 4.77% in its largest point drop on record. The S&P 500 shed 2.64%, erasing roughly $1.8 trillion in market value, while the Dow fell 1.35%. The VIX surged nearly 40% to 21.51, reflecting a sharp uptick in investor anxiety.

## Chip Sector Posts Worst Day Since 2020

The catalyst for the selloff was a historic collapse in semiconductor stocks, which posted their worst day since March 2020. Memory chipmakers bore the brunt of the damage, with Micron (-13.25%), Arm (-12.84%), SanDisk (-11.39%), and Intel (-11.28%) all suffering double-digit losses. AMD fell 10.86%, while Broadcom dropped 7.92% despite recently breaking records—underscoring that even exceptional performance couldn't satisfy investors demanding ""perfection"" in AI plays. Nvidia declined 6.20% as the broader AI chip sector showed deep cracks, with sector indices revealing Memory down 11.23%, Semiconductors/Compute down 10.92%, and Networking/Interconnect off 8.62%.

The selloff appears driven by mounting concerns over stretched valuations and potentially weaker-than-expected demand, compounded by headlines suggesting Big Tech firms like Meta may increasingly issue equity to finance the estimated $820 billion AI infrastructure boom—potentially diluting existing shares and raising questions about capital intensity.

## Defensive Rotation and Macro Crosscurrents

In contrast, defensive sectors outperformed sharply. Pharma/Healthcare gained 1.08%, with top gainer **argenx SE (ARGX)** up 5.82% and **The Cooper Companies (COO)** rallying 8.58%. Industrials also found support, with **ABM Industries (ABM)** advancing 6.67% and **ArcBest (ARCB)** climbing 6.17%. Banking and Consumer sectors held up relatively well, declining only modestly or posting slight gains.

A **stronger-than-expected jobs report** pressured rate-cut expectations, with the 10-year Treasury yield rising 6 basis points to 4.54%. Headlines noted the hot employment data puts Fed cuts ""further out of reach"" as new Chair Warsh navigates early policy tests. The dollar strengthened modestly, with EUR/USD and GBP/USD both down roughly 0.7–0.8%.

## Cross-Asset Signals and SpaceX IPO Buzz

Risk assets sold off broadly: Gold fell 3.10%, crude oil dropped 2.69%, and Bitcoin declined 2.39% to four-month lows amid a 13-day Bitcoin ETF outflow streak totaling $4.3 billion. Some market observers speculated that Bitcoin may be serving as a liquidity source for private AI investments.

Meanwhile, the **SpaceX IPO** dominated headlines, with Wall Street giants securing roles and analysts projecting ambitious revenue growth. However, the S&P 500 Index Committee confirmed it will **not change inclusion rules** for mega-cap IPOs, meaning SpaceX faces a lengthy wait to join the index and unlock an estimated $14 billion in passive inflows—potentially dampening some of the initial enthusiasm.

## Market Tone — Today's Session

_A recap of how the market traded today — not a forecast._

**Today's Score:** -0.49  →  **Bearish**
**Trend (5-day EMA):** -0.10  →  **Slightly Bearish**  <sub>(smoothed — the readable day-over-day signal)</sub>

| Component | Weight | Score |
| --- | --- | --- |
| Market data | 70% | -0.66 |
| News headlines | 20% | -0.13 |
| Reddit | 0% | +0.07 |
| Fed (rate expectations) | 10% | -0.03 |

_Equities fell with Nasdaq -4.8%, S&P 500 -2.6%, VIX +39.7%. Sector breadth: 5/11 sectors up. 10Y yield +1.3%. News headlines read slightly bearish. Fed-policy expectations tightened (13-Week T-Bill Yield +0.5bp). Today's overall market tone: Bearish._

<sub>News scored with: finbert</sub>

**Standout headlines:**
- 🟢 Most bullish (+0.86): Bitcoin ETF Outflows Hit 13-Day Streak as $4.3 Billion Exits the Funds
- 🔴 Most bearish (-0.96): Marvell, Micron shares tumble as the chip sector suffers its worst day in 6 years"
2026-06-08,Slightly Bullish,15,"> **Note:** No US trading session on 2026-06-09. Figures are from the last session (2026-06-08).

## Market Overview

U.S. equity markets diverged sharply on Tuesday, with the Nasdaq 100 surging 1.58% while the Dow Jones slipped 0.16%, underscoring a pronounced rotation into semiconductor and AI infrastructure stocks. The S&P 500 advanced a modest 0.30%, and the Russell 2000 gained 0.77%. The VIX declined 4.49% to 18.07, suggesting easing near-term volatility concerns as geopolitical tensions between Israel and Iran appeared to cool.

## Semiconductor Rally Takes Center Stage

The session's dominant theme was a powerful rally in memory and semiconductor stocks, with the memory sector posting a 4.38% gain on 100% positive breadth. **Micron** led mega-cap chip names with a stunning 9.87% surge to $949.28, fueled by Goldman Sachs commentary anticipating ""another strong quarter."" **Intel** jumped 11.19%, while **SanDisk** climbed 5.30% and **Coherent** added 6.62%. Among the broader market's top gainers, **Cerebras Systems** rallied 18.32%, reinforcing enthusiasm around AI compute infrastructure.

**AMD** gained 5.14% and **Broadcom** rose 2.82%, while **Nvidia** added a more modest 1.73%. The networking and interconnect subsector advanced 3.45% with 76% breadth, and the broader semiconductor/compute segment rose 2.81%. This strength contrasts sharply with weakness in hyperscalers, which fell 1.18% as **Microsoft** (-1.18%), **Meta** (-1.28%), **Alphabet** (-1.25%), and **Apple** (-1.89%) all declined. Discussion on Reddit and finance forums centered on concerns that U.S. AI companies may be losing pricing power, a potential catalyst for recent softness in large-cap tech.

## IPO Wave and Cross-Asset Signals

OpenAI's confidential IPO filing dominated headlines, following Anthropic's move to public markets. Investors debated whether massive AI IPOs—some valued over $1 trillion—could crowd out capital from other equities. Meanwhile, **Tango Therapeutics** soared 52.97% to lead all gainers, and crypto-related names like **Galaxy Digital** (+21.36%) and **MARA Holdings** (+11.85%) rallied despite Bitcoin slipping 0.68% to $62,675.

Crude oil fell 2.18% despite Middle East tensions, puzzling traders who noted restricted tanker access through key straits. Gold dipped 0.12%, while the 10-year Treasury yield rose modestly to 4.55%. The dollar strengthened slightly against the euro and pound. Attention now turns to Wednesday's May CPI print, with some analysts forecasting inflation could break above 4%—a development that would carry significant implications for Federal Reserve policy and risk appetite.

## Market Tone — Today's Session

_A recap of how the market traded today — not a forecast._

**Today's Score:** +0.15  →  **Slightly Bullish**
**Trend (5-day EMA):** -0.02  →  **Neutral**  <sub>(smoothed — the readable day-over-day signal)</sub>

| Component | Weight | Score |
| --- | --- | --- |
| Market data | 70% | +0.12 |
| News headlines | 20% | +0.32 |
| Reddit | 0% | +0.04 |
| Fed (rate expectations) | 10% | -0.02 |

_Equities rose with Nasdaq +1.6%, S&P 500 +0.3%, VIX -4.5%. Sector breadth: 3/11 sectors up. 10Y yield +0.3%. News headlines read bullish. Fed-policy expectations held steady. Today's overall market tone: Slightly Bullish._

<sub>News scored with: finbert</sub>

**Standout headlines:**
- 🟢 Most bullish (+0.93): Micron to deliver ’another strong quarter’, Goldman says
- 🔴 Most bearish (-0.90): Gold prices today, Monday, June 8: Lower to start the week following Israel, Iran missile strikes"
2026-06-09,Neutral,-10,"> **Note:** No US trading session on 2026-06-10. Figures are from the last session (2026-06-09).

## Market Overview

U.S. equities diverged sharply on Wednesday as investors rotated away from technology ahead of Thursday's critical CPI inflation report and continued to digest geopolitical tensions. The Dow Jones added 86 points (+0.17%) and the Russell 2000 climbed 0.41%, while the Nasdaq 100 tumbled 1.12% and the S&P 500 slipped 0.26%. The VIX surged 8.38% to 21.53, reflecting heightened uncertainty around both inflation data and mounting concerns over military escalation following reports of U.S. strikes involving Iran.

## Tech Selloff and CPI Jitters

Mega-cap technology bore the brunt of selling pressure, with Apple down 3.64%, AMD falling 3.02%, Microsoft declining 2.02%, and Arm losing 6.22%. Coherent plunged 11.44%, leading semiconductor losers. The weakness appears driven by a combination of factors: nervousness ahead of inflation data that could influence Fed policy, profit-taking after recent gains, and capital reallocation concerns as the massive SpaceX and OpenAI IPOs approach. News that Super Micro Computer plans $7 billion in equity offerings to fund AI server demand added to dilution worries across the space. Intel fell 2.13% amid ongoing competitive pressures.

Notably, even Nvidia—often the bellwether for AI enthusiasm—edged down 0.22%, while broader AI infrastructure sectors showed mixed performance. The sector data reveals a potential rotation within tech: Memory and semiconductor compute sectors remained bullish on longer timeframes despite daily volatility, while hyperscalers and SaaS showed neutral to slightly bullish trends with weaker breadth.

## IPO Wave and Liquidity Concerns

Market chatter centered heavily on the looming SpaceX IPO, reportedly approaching four times oversubscription. Multiple headlines questioned whether the $1.75 trillion valuation is sustainable and raised concerns about capital scarcity, with analysts noting that massive IPOs could crowd out other investments and absorb significant liquidity. Bitcoin's 2.88% drop to $60,868 may partly reflect these dynamics, as some investors reportedly rotate out of crypto to access high-profile tech offerings.

## Cross-Asset Signals

Gold fell sharply by 2.22% to $4,191, pressured by geopolitical developments and positioning ahead of CPI data. Crude oil gained 1.33% to $89.37, buoyed by supply concerns tied to Middle East tensions. The 10-year Treasury yield declined 2 basis points to 4.53%, suggesting a modest flight to quality despite inflation concerns. The dollar held steady against major currencies, with USD/JPY ticking up marginally to 160.49.

## Notable Gainers

Outside of mega-cap turmoil, pockets of strength emerged. Nuvalent soared 39.28%, Alignment Healthcare surged 25.08%, and CECO Environmental jumped 18.52%, leading today's top gainers. DraftKings climbed 11.34%, while small-caps broadly outperformed, suggesting genuine market broadening rather than pure risk-off behavior.

Thursday's CPI print will be critical in determining whether this tech rotation intensifies or reverses.

## Market Tone — Today's Session

_A recap of how the market traded today — not a forecast._

**Today's Score:** -0.10  →  **Neutral**
**Trend (5-day EMA):** -0.04  →  **Neutral**  <sub>(smoothed — the readable day-over-day signal)</sub>

| Component | Weight | Score |
| --- | --- | --- |
| Market data | 70% | -0.07 |
| News headlines | 20% | -0.20 |
| Reddit | 0% | +0.06 |
| Fed (rate expectations) | 10% | -0.05 |

_Equities fell with Nasdaq -1.1%, S&P 500 -0.3%, VIX +8.4%. Sector breadth: 9/11 sectors up. 10Y yield -0.5%. News headlines read slightly bearish. Fed-policy expectations tightened (13-Week T-Bill Yield +0.7bp). Today's overall market tone: Neutral._

<sub>News scored with: finbert</sub>

**Standout headlines:**
- 🟢 Most bullish (+0.90): Meta deepens partnership with Ambani’s Reliance with AI data centre
- 🔴 Most bearish (-0.96): Gold prices today, Wednesday, June 10: Prices falling after U.S., Iran strikes and ahead of CPI report"
2026-06-10,Slightly Bearish,-23,"> **Note:** No US trading session on 2026-06-11. Figures are from the last session (2026-06-10).

## Market Overview

U.S. equities suffered sharp losses on June 11, with all major indices declining more than 1% as semiconductor and technology stocks led the retreat. The S&P 500 fell 1.62% to 7,267, while the Nasdaq 100 dropped 1.98% and the Dow shed 1.87%. Despite the broad selloff, the VIX declined 6.62% to 20.75, suggesting investors view the move as a correction rather than the beginning of sustained volatility.

## Semiconductors Under Pressure

The AI and semiconductor complex experienced particularly heavy selling, with the sector exhibiting bearish breadth across multiple subsegments. Nvidia fell 3.73%, AMD dropped 4.86%, and Broadcom declined 5.12%. Memory stocks fared even worse, with Micron tumbling 4.70% and the Memory sector (DRAM/NAND/HBM) down 4.12% overall. Arm Holdings led declines among chip designers, falling 5.37%.

Headlines pointed to multiple headwinds: MarketWatch noted that ""Micron, Marvell drag the tech sector into a new bearish phase,"" while Reddit discussions highlighted concerns about valuation and rotation away from high-flying AI names. The semiconductors/compute subsector fell 4.99%, significantly underperforming the broader Nasdaq.

## Oracle and SpaceX Dominate Headlines

Oracle shares declined in extended trading after announcing plans to raise $40 billion through debt and equity financing, despite beating earnings expectations on revenue. The move sparked concern about dilution and capital intensity in the AI infrastructure buildout, with the company having already invested $55.7 billion in capex over the past year.

SpaceX IPO speculation dominated financial media, with reports indicating demand approaching four times oversubscription. However, analysts cautioned retail investors about the risks of ""flipping"" shares on IPO day, particularly for older investors.

## Defensive Pockets and Cross-Asset Signals

Notable gainers included consumer-facing names, with Casey's General Stores surging 20.29% and Murphy USA up 10.04%, suggesting a rotation into defensive, cash-generating businesses. Apple bucked the tech selloff with a modest 0.35% gain.

Bitcoin rose 1.80% to $62,618, showing divergence from risk assets, while gold fell 0.87%. Treasury yields remained flat at 4.54%, and the dollar edged higher against major currencies. Oil declined modestly to $89.54.

Reddit posts referenced inflationary pressures and a reported ECB rate hike, though the latter requires confirmation. The combination of tech weakness, stable rates, and resilient commodities suggests investors are reassessing growth stock valuations amid persistent macro uncertainty.

## Market Tone — Today's Session

_A recap of how the market traded today — not a forecast._

**Today's Score:** -0.23  →  **Slightly Bearish**
**Trend (5-day EMA):** -0.11  →  **Slightly Bearish**  <sub>(smoothed — the readable day-over-day signal)</sub>

| Component | Weight | Score |
| --- | --- | --- |
| Market data | 70% | -0.34 |
| News headlines | 20% | +0.04 |
| Reddit | 0% | +0.07 |
| Fed (rate expectations) | 10% | +0.00 |

_Equities fell with Nasdaq -2.0%, S&P 500 -1.6%, VIX -6.6%. Sector breadth: 4/11 sectors up. 10Y yield +0.0%. News headlines read neutral. Fed-policy expectations held steady. Today's overall market tone: Slightly Bearish._

<sub>News scored with: finbert</sub>

**Standout headlines:**
- 🟢 Most bullish (+0.93): These 7 Stocks Are Analyst Favorites For Magnificent Earnings Growth; Google Strengthens
- 🔴 Most bearish (-0.88): Lovesac Q1 fiscal 2027 earnings: loss smaller than expected"
2026-06-11,Bullish,47,"> **Note:** No US trading session on 2026-06-12. Figures are from the last session (2026-06-11).

## Semiconductor Rally Powers Broad Market Gains

U.S. equities surged Friday, with the Nasdaq 100 jumping 3.29% as semiconductor and memory stocks staged a powerful rally. The S&P 500 advanced 1.75% and the Dow gained 1.86%, while the Russell 2000 climbed 3.02%, suggesting broad risk appetite. The VIX declined 2.67% to 18.92, reflecting easing near-term volatility concerns.

## Memory and Chip Stocks Lead the Charge

The semiconductor sector, particularly memory producers, delivered explosive gains in what appears to be a short-squeeze-fueled rebound. **SanDisk soared 14.50%**, the standout among major chip names, while **Micron surged 11.66%** and **Arm gained 11.32%**. **Intel** rallied 9.27%, and **AMD** climbed 7.97%. Positioning data confirms the short-squeeze narrative: the Memory sector showed a put/call ratio of 2.31 with 7.1% short float, indicating heavy bearish positioning unwinding violently as prices surged 9.83% on the day.

Networking and compute semiconductors also rallied sharply, with Broadcom up 3.62% and Nvidia gaining 2.22%. Breadth was exceptional, with 100% of memory stocks advancing and 65% of compute/semiconductor names in the green. Hyperscalers lagged, however, with Microsoft down 1.77% and Meta off 0.45%, suggesting selectivity within tech.

## SpaceX IPO Dominates Headlines

Market attention centered on SpaceX's record-setting $75 billion IPO at a $135 share price, crowning Elon Musk the world's first trillionaire according to headlines. However, retail allocation was reportedly cut to the low 20% range, sparking frustration. Space-related equities surged: **York Space Systems** (YSS) jumped 22.09%, **ViaSat** gained 18.23%, and **Firefly Aerospace** rallied 17.80%. JPMorgan noted the upside for banks from mega-IPO activity. Rocket Lab is set to join the Nasdaq 100 in the quarterly rebalance, with SpaceX inclusion anticipated.

## Inflation Data and Cross-Asset Signals

May PPI came in white-hot at 1.1% month-over-month and 6.5% year-over-year, yet Treasury yields declined, with the 10-year falling 8 basis points to 4.46%. This counterintuitive move may reflect Fed policy expectations or flight-to-safety flows amid geopolitical developments. Gold rallied 2.85% despite CNBC reporting a 6-month low earlier in the week, while crude oil dropped 3.82% as reports indicated Iran won't restore Strait of Hormuz shipping to prewar levels. Bitcoin edged 1.12% higher.

Banking stocks advanced 1.42% with 100% breadth and a bullish regime score, though the elevated 3.01 put/call ratio suggests investors remain heavily hedged despite the rally.

## Market Tone — Today's Session

_A recap of how the market traded today — not a forecast._

**Today's Score:** +0.47  →  **Bullish**
**Trend (5-day EMA):** +0.09  →  **Neutral**  <sub>(smoothed — the readable day-over-day signal)</sub>

| Component | Weight | Score |
| --- | --- | --- |
| Market data | 70% | +0.60 |
| News headlines | 20% | +0.20 |
| Reddit | 0% | +0.06 |
| Fed (rate expectations) | 10% | +0.08 |

_Equities rose with Nasdaq +3.3%, S&P 500 +1.8%, VIX -2.7%. Sector breadth: 8/11 sectors up. 10Y yield -1.7%. News headlines read slightly bullish. Fed-policy expectations eased (13-Week T-Bill Yield -1.2bp). Today's overall market tone: Bullish._

<sub>News scored with: finbert</sub>

**Standout headlines:**
- 🟢 Most bullish (+0.94): Jefferies sees US copper tariffs boosting domestic prices soon
- 🔴 Most bearish (-0.56): SpaceX cuts retail IPO allocation to low 20% range, source says"
2026-06-12,Slightly Bullish,28,"## Market Overview

U.S. equities advanced broadly on Friday, with the Dow Jones leading major indices higher (+0.70%), followed by the Russell 2000 (+0.79%), S&P 500 (+0.50%), and Nasdaq 100 (+0.64%). The VIX fell sharply by 9.05% to 17.68, signaling diminished near-term volatility concerns. Market breadth was constructive, though the session was dominated by the highly anticipated SpaceX IPO debut on the Nasdaq, which reportedly surged past $2 trillion in valuation and absorbed much of the spotlight on Wall Street.

## Semiconductor Rally and Key Movers

The semiconductor sector delivered notable strength, particularly in memory and compute. **Arm Holdings** surged 11.27%, emerging as a standout among mega-cap tech, while **Intel** rallied 6.51% and **AMD** climbed 4.73%. **SanDisk** and **Coherent** also posted impressive gains of 5.24% and 5.90%, respectively. The Memory sector (DRAM/NAND/HBM) rose 5.79% with 100% breadth, signaling broad-based bullish momentum. However, not all chip names participated: **Micron** declined 1.43% and **Broadcom** fell 0.91%, suggesting divergence within the complex.

Among the market's top gainers, **Roku** surged 20.08%, leading a diverse group that included Polibeli Group (+17.51%), Maase Inc. (+15.73%), and biotech names Alumis and Enliven Therapeutics, each up over 14%.

## SpaceX IPO Dominates Sentiment

Wall Street's attention centered on SpaceX's record-setting $75 billion IPO, with social media and financial press buzzing over its valuation trajectory and retail allocation constraints. The IPO reportedly drew comparisons to Tesla's debut, with some speculating on a potential Tesla-SpaceX merger. The event underscored robust risk appetite, though some market participants expressed caution over valuation and ""red flags.""

## Commodities and Cross-Asset Signals

Commodities exhibited sharp divergence: **gold** rallied 3.06% to $4,239.90, reflecting safe-haven demand possibly tied to geopolitical developments, while **crude oil** tumbled 3.90% to a three-month low following reports of a U.S.-Iran peace deal from Pakistan. **Bitcoin** edged 0.08% higher to $63,512.

The **10-year Treasury yield** rose modestly by 2 basis points to 4.49%, while the dollar firmed slightly against the euro and pound. Sector rotation favored cyclicals and semiconductors, with Banking (+1.60%) and Consumer (+0.57%) outperforming, while SaaS lagged (-1.85%) amid weaker positioning and sentiment.

## Outlook

The session reflected optimism buoyed by strong semiconductor momentum, robust IPO activity, and easing volatility, though divergence in mega-cap tech and commodity markets suggests nuanced cross-currents ahead.

## Market Tone — Today's Session

_A recap of how the market traded today — not a forecast._

**Today's Score:** +0.28  →  **Slightly Bullish**
**Trend (5-day EMA):** +0.15  →  **Slightly Bullish**  <sub>(smoothed — the readable day-over-day signal)</sub>

| Component | Weight | Score |
| --- | --- | --- |
| Market data | 70% | +0.38 |
| News headlines | 20% | +0.04 |
| Reddit | 0% | -0.01 |
| Fed (rate expectations) | 10% | +0.03 |

_Equities rose with Nasdaq +0.6%, S&P 500 +0.5%, VIX -9.1%. Sector breadth: 9/11 sectors up. 10Y yield +0.5%. News headlines read neutral. Fed-policy expectations eased (13-Week T-Bill Yield -0.5bp). Today's overall market tone: Slightly Bullish._

<sub>News scored with: finbert</sub>

**Standout headlines:**
- 🟢 Most bullish (+0.86): SpaceX surges past $2 trillion in Nasdaq debut, closes in on Amazon
- 🔴 Most bearish (-0.92): Global oil prices end at 3-month low after Pakistan says a U.S.-Iran peace deal has been reached"
